INSERT INTO CONSTRUCTORS VALUES (1,'ALPHATAURI',27,9),
(2,'ALPINE',35,9),
(3,'FERRARI',12,3),
(4,'ALFA-ROMEO',21,7),
(5,'MCLAREN',29,11),
(6,'WILLIAMS',11,9),
(7,'MERCEDES',40,25),
(8,'HAAS',2,1),
(9,'RED-BULL',21,10),
(10,'ASTON-MARTIN',10,0);

INSERT INTO RACES VALUES ('ITALY',25,6,13),
('FRANCE',31,12,3),
('AUSTRIA',7,66,84),
('JAPAN',35,55,40),
('UAE',27,77,84),
('USA',7,64,18),
('RAF',18,9,6),
('UK',3,12,31),
('SPAIN',7,13,45),
('INDIA',14,55,77),
('AUSTRALIA',18,31,45),
('HUNGARY',35,7,6),
('SINGAPORE',12,3,7),
('MALAYSIA',18,77,84);

INSERT INTO TIMINGS VALUES ('ITALY',3,'01:33:33',2,'00:03:10'),
('FRANCE',7,'01:12:52',8,'00:02:01'),
('AUSTRIA',12,'01:09:32',4,'00:03:31'),
('JAPAN',31,'01:08:03',3,'00:05:10'),
('UAE',18,'01:00:01',2,'00:03:05'),
('USA',45,'01:10:31',5,'00:03:41'),
('RAF',14,'01:13:13',7,'00:04:32'),
('UK',3,'01:32:05',2,'00:03:21'),
('SPAIN',55,'01:05:13',8,'00:04:15'),
('INDIA',77,'01:09:44',10,'00:05:25'),
('AUSTRALIA',18,'01:40:31',3,'00:06:01'),
('HUNGARY',7,'01:02:44',7,'00:02:57'),
('SINGAPORE',84,'01:13:07',5,'00:05:04'),
('MALAYSIA',9,'01:03:05',5,'00:03:59');

INSERT INTO DRIVERS VALUES (25,'A.VARMAN',13,4,1,'ITALY'),
(3,'C.ADITHYA',14,5,1,'FRANCE'),
(6,'V.KUMAR',19,8,2,'AUSTRIA'),
(13,'K.VASAN',16,1,2,'FRANCE'),
(35,'P.NITIN',6,2,3,'JAPAN'),
(14,'P.RISHIKESH',6,1,3,'UAE'),
(31,'S.KUMAAR',15,7,4,'FRANCE'),
(9,'R.LOGESH',6,0,4,'UAE'),
(45,'H.KUMAR',3,0,5,'USA'),
(18,'A.KUMAR',26,11,5,'RAF'),
(64,'S.KARTHIK',1,0,6,'ITALY'),
(77,'J.VIJAY',10,9,6,'UK'),
(12,'S.GUNA',18,10,7,'SPAIN'),
(7,'S.SURAJ',22,15,7,'UK'),
(66,'M.SHIVA',2,1,8,'INDIA'),
(1,'K.HASSAN',0,0,8,'AUSTRALIA'),
(40,'R.YESHWANTH',13,7,9,'AUSTRALIA'),
(27,'Y.PARKER',8,3,9,'HUNGARY'),
(84,'A.RAVI',3,0,10,'SINGAPORE'),
(55,'Y.RAJA',7,0,10,'MALAYSIA');